{"mean":{"confidence_interval":{"confidence_level":0.95,"lower_bound":1.936338681749099,"upper_bound":1.9374035387254507},"point_estimate":1.9367457603499363,"standard_error":0.00028735053560328445},"median":{"confidence_interval":{"confidence_level":0.95,"lower_bound":1.9360638578377656,"upper_bound":1.9361600673215735},"point_estimate":1.9361170798845988,"standard_error":0.000024498418725250126},"median_abs_dev":{"confidence_interval":{"confidence_level":0.95,"lower_bound":0.00009492712327392662,"upper_bound":0.0002328704032170302},"point_estimate":0.00015967151481959023,"standard_error":0.00003744399001057909},"slope":{"confidence_interval":{"confidence_level":0.95,"lower_bound":1.936251195197412,"upper_bound":1.9365969442510629},"point_estimate":1.9364135583456363,"standard_error":0.00008849027558942154},"std_dev":{"confidence_interval":{"confidence_level":0.95,"lower_bound":0.0006418023966020517,"upper_bound":0.004799155966251046},"point_estimate":0.0028867397407679155,"standard_error":0.0013656895168182354}}